tweet_number,created_at,timestamp,text
1,1/20/2017 12:31:53,1/20/2017 8:31:53,It all begins today! I will see you at 11:00 A.M. for the swearing-in. THE MOVEMENT CONTINUES - THE WORK BEGINS!
2,1/20/2017 17:51:25,1/20/2017 13:51:25,"Today we are not merely transferring power from one Administration to another, or from one party to another ‚Äì but we are transferring..."
3,1/20/2017 17:51:58,1/20/2017 13:51:58,"power from Washington, D.C. and giving it back to you, the American People. #InaugurationDay"
4,1/20/2017 17:52:45,1/20/2017 13:52:45,"What truly matters is not which party controls our government, but whether our government is controlled by the people."
5,1/20/2017 17:53:17,1/20/2017 13:53:17,"January 20th 2017, will be remembered as the day the people became the rulers of this nation again."
6,1/20/2017 17:54:00,1/20/2017 13:54:00,"The forgotten men and women of our country will be forgotten no longer. From this moment on, it‚Äôs going to be #AmericaFirstüá∫üá∏"
7,1/20/2017 17:54:36,1/20/2017 13:54:36,We will bring back our jobs. We will bring back our borders. We will bring back our wealth - and we will bring back our dreams!
8,1/20/2017 17:55:44,1/20/2017 13:55:44,"We will follow two simple rules: BUY AMERICAN &amp; HIRE AMERICAN!
#InaugurationDay #MAGAüá∫üá∏"
9,1/20/2017 17:58:24,1/20/2017 13:58:24,It is time to remember that...https://t.co/ZKyOiOor62
10,1/20/2017 18:00:43,1/20/2017 14:00:43,"So to all Americans, in every city near and far, small and large, from mountain to mountain...https://t.co/cZKkrGXLSi"
11,1/20/2017 18:13:48,1/20/2017 14:13:48,"TO ALL AMERICANSüá∫üá∏
https://t.co/D7Es6ie4fY"
12,1/21/2017 4:56:15,1/21/2017 0:56:15,"THANK YOU for another wonderful evening in Washington, D.C. TOGETHER, we will MAKE AMERICA GREAT AGAINüá∫üá∏ https://t.co/V3aoj9RUh4"
13,1/21/2017 11:53:41,1/21/2017 7:53:41,A fantastic day and evening in Washington D.C.Thank you to @FoxNews and so many other news outlets for the GREAT reviews of the speech!
14,1/21/2017 23:54:31,1/21/2017 19:54:31,"RT @WhiteHouse: ""Do not allow anyone to tell you that it cannot be done. No challenge can match the HEART and FIGHT and SPIRIT of America.""‚Ä¶"
15,1/22/2017 12:35:09,1/22/2017 8:35:09,"Had a great meeting at CIA Headquarters yesterday, packed house, paid great respect to Wall, long standing ovations, amazing people. WIN!"
16,1/22/2017 12:47:21,1/22/2017 8:47:21,Watched protests yesterday but was under the impression that we just had an election! Why didn't these people vote? Celebs hurt cause badly.
17,1/22/2017 12:51:36,1/22/2017 8:51:36,"Wow, television ratings just out: 31 million people watched the Inauguration, 11 million more than the very good ratings from 4 years ago!"
18,1/22/2017 14:23:17,1/22/2017 10:23:17,"Peaceful protests are a hallmark of our democracy. Even if I don't always agree, I recognize the rights of people to express their views."
19,1/23/2017 11:38:16,1/23/2017 7:38:16,Busy week planned with a heavy focus on jobs and national security. Top executives coming in at 9:00 A.M. to talk manufacturing in America.
20,1/24/2017 11:11:47,1/24/2017 7:11:47,Will be meeting at 9:00 with top automobile executives concerning jobs in America. I want new plants to be built here for cars sold here!
21,1/24/2017 16:58:06,1/24/2017 12:58:06,A photo delivered yesterday that will be displayed in the upper/lower press hall. Thank you Abbas! https://t.co/Uzp0ivvRp0
22,1/24/2017 17:04:01,1/24/2017 13:04:01,"Great meeting with automobile industry leaders at the @WhiteHouse this morning. Together, we will #MAGA! https://t.co/OXdiLOkGsZ"
23,1/24/2017 17:49:17,1/24/2017 13:49:17,Signing orders to move forward with the construction of the Keystone XL and Dakota Access pipelines in the Oval Off‚Ä¶ https://t.co/aOxmfO0vOK
24,1/25/2017 0:46:57,1/24/2017 20:46:57,Great meeting with Ford CEO Mark Fields and General Motors CEO Mary Barra at the @WhiteHouse today. https://t.co/T0eIgO6LP8
25,1/25/2017 2:16:19,1/24/2017 22:16:19,Congratulations to @FoxNews for being number one in inauguration ratings. They were many times higher than FAKE NEWS @CNN - public is smart!
26,1/25/2017 2:25:40,1/24/2017 22:25:40,"If Chicago doesn't fix the horrible ""carnage"" going on, 228 shootings in 2017 with 42 killings (up 24% from 2016), I will send in the Feds!"
27,1/25/2017 2:37:48,1/24/2017 22:37:48,"Big day planned on NATIONAL SECURITY tomorrow. Among many other things, we will build the wall!"
28,1/25/2017 12:10:01,1/25/2017 8:10:01,"I will be asking for a major investigation into VOTER FRAUD, including those registered to vote in two states, those who are illegal and...."
29,1/25/2017 12:13:46,1/25/2017 8:13:46,"even, those registered to vote who are dead (and many for a long time). Depending on results, we will strengthen up voting procedures!"
30,1/25/2017 12:17:01,1/25/2017 8:17:01,I will be making my Supreme Court pick on Thursday of next week.Thank you!
31,1/25/2017 22:05:59,1/25/2017 18:05:59,I will be interviewed by @DavidMuir tonight at 10 o'clock on @ABC. Will be my first interview from the White House.‚Ä¶ https://t.co/4zuOrRdcoc
32,1/26/2017 0:03:33,1/25/2017 20:03:33,"Beginning today, the United States of America gets back control of its borders. Full speech from today @DHSgov:‚Ä¶ https://t.co/8aDaHsAhg9"
33,1/26/2017 2:14:56,1/25/2017 22:14:56,"As your President, I have no higher duty than to protect the lives of the American people. https://t.co/o7YNUNwb8f"
34,1/26/2017 2:45:32,1/25/2017 22:45:32,"""@romoabcnews: .@DavidMuir first @POTUS interview since taking office.  Tonight on @ABCWorldNews @ABC2020 tonight. https://t.co/I4Vz1mRdBK"""
35,1/26/2017 2:48:25,1/25/2017 22:48:25,Interview with David Muir of @ABC News in 10 minutes. Enjoy!
36,1/26/2017 11:04:24,1/26/2017 7:04:24,"Ungrateful TRAITOR Chelsea Manning, who should never have been released from prison, is now calling President Obama a weak leader. Terrible!"
37,1/26/2017 13:51:46,1/26/2017 9:51:46,The U.S. has a 60 billion dollar trade deficit with Mexico. It has been a one-sided deal from the beginning of NAFTA with massive numbers...
38,1/26/2017 13:55:03,1/26/2017 9:55:03,"of jobs and companies lost. If Mexico is unwilling to pay for the badly needed wall, then it would be better to cancel the upcoming meeting."
39,1/26/2017 19:21:17,1/26/2017 15:21:17,"Spoke at the Congressional @GOP Retreat in Philadelphia, PA. this afternoon w/ @VP, @SenateMajLdr, @SpeakerRyan. Th‚Ä¶ https://t.co/ALSADGrwoe"
40,1/26/2017 23:45:28,1/26/2017 19:45:28,Will be interviewed by @SeanHannity on @FoxNews at 10:00pm tonight. Enjoy!
41,1/26/2017 23:53:37,1/26/2017 19:53:37,Miami-Dade Mayor drops sanctuary policy. Right decision. Strong! https://t.co/MtPvaDC4jM
42,1/27/2017 13:12:52,1/27/2017 9:12:52,"Look forward to seeing final results of VoteStand. Gregg Phillips and crew say at least 3,000,000 votes were illegal. We must do better!"
43,1/27/2017 13:19:10,1/27/2017 9:19:10,"Mexico has taken advantage of the U.S. for long enough. Massive trade deficits &amp; little help on the very weak border must change, NOW!"
44,1/27/2017 16:27:02,1/27/2017 12:27:02,The #MarchForLife is so important. To all of you marching --- you have my full support!
45,1/27/2017 16:30:29,1/27/2017 12:30:29,.@VP Mike Pence will be speaking at today's #MarchForLife -- You have our full support! https://t.co/1jb53SEGV4
46,1/27/2017 20:20:15,1/27/2017 16:20:15,Statement on International Holocaust Remembrance Day: https://t.co/KjU0MOxCHk
47,1/27/2017 22:00:47,1/27/2017 18:00:47,Congratulations Secretary Mattis! https://t.co/mkuhbegzqS
48,1/27/2017 23:46:22,1/27/2017 19:46:22,I promise that our administration will ALWAYS have your back. We will ALWAYS be with you! https://t.co/D0aOWhOH4X
49,1/28/2017 13:04:58,1/28/2017 9:04:58,"The failing @nytimes has been wrong about me from the very beginning. Said I would lose the primaries, then the general election. FAKE NEWS!"
50,1/28/2017 13:08:42,1/28/2017 9:08:42,Thr coverage about me in the @nytimes and the @washingtonpost gas been so false and angry that the times actually apologized to its.....
51,1/28/2017 13:16:17,1/28/2017 9:16:17,"...dwindling subscribers and readers.They got me wrong right from the beginning and still have not changed course, and never will. DISHONEST"
52,1/28/2017 15:42:58,1/28/2017 11:42:58,"Today, we remember the crew of the Space Shuttle Challenger, 31 years later. #NeverForget https://t.co/OhshQsFRfl"
53,1/29/2017 13:00:32,1/29/2017 9:00:32,Somebody with aptitude and conviction should buy the FAKE NEWS and failing @nytimes and either run it correctly or let it fold with dignity!
54,1/29/2017 13:08:18,1/29/2017 9:08:18,"Our country needs strong borders and extreme vetting, NOW. Look what is happening all over Europe and, indeed, the world - a horrible mess!"
55,1/29/2017 15:03:58,1/29/2017 11:03:58,Christians in the Middle-East have been executed in large numbers. We cannot allow this horror to continue!
56,1/29/2017 21:45:58,1/29/2017 17:45:58,The joint statement of former presidential candidates John McCain &amp; Lindsey Graham is wrong - they are sadly weak on immigration. The two...
57,1/29/2017 21:49:32,1/29/2017 17:49:32,"...Senators should focus their energies on ISIS, illegal immigration and border security instead of always looking to start World War III."
58,1/29/2017 23:28:50,1/29/2017 19:28:50,Statement Regarding Recent Executive Order Concerning Extreme Vetting: https://t.co/f6JO60I0Ul
59,1/29/2017 23:39:53,1/29/2017 19:39:53,I will be interviewed by @TheBrodyFile on @CBNNews tonight at 11pm. Enjoy!
60,1/30/2017 12:16:30,1/30/2017 8:16:30,"Only 109 people out of 325,000 were detained and held for questioning. Big problems at airports were caused by Delta computer outage,....."
61,1/30/2017 12:20:49,1/30/2017 8:20:49,protesters and the tears of Senator Schumer. Secretary Kelly said that all is going well with very few problems. MAKE AMERICA SAFE AGAIN!
62,1/30/2017 12:27:05,1/30/2017 8:27:05,There is nothing nice about searching for terrorists before they can enter our country. This was a big part of my campaign. Study the world!
63,1/30/2017 13:31:00,1/30/2017 9:31:00,"If the ban were announced with a one week notice, the ""bad"" would rush into our country during that week. A lot of bad ""dudes"" out there!"
64,1/30/2017 13:43:25,1/30/2017 9:43:25,I have made my decision on who I will nominate for The United States Supreme Court. It will be announced live on Tuesday at 8:00 P.M. (W.H.)
65,1/30/2017 14:23:49,1/30/2017 10:23:49,Where was all the outrage from Democrats and the opposition party (the media) when our jobs were fleeing our country?
66,1/30/2017 21:07:52,1/30/2017 17:07:52,"The American dream is back. We‚Äôre going to create an environment for small business like we haven‚Äôt had in many, ma‚Ä¶ https://t.co/Bh7SrNEgz1"
67,1/31/2017 0:45:50,1/30/2017 20:45:50,The Democrats are delaying my cabinet picks for purely political reasons. They have nothing going but to obstruct. Now have an Obama A.G.
68,1/31/2017 11:21:52,1/31/2017 7:21:52,Nancy Pelosi and Fake Tears Chuck Schumer held a rally  at the steps of The Supreme Court and mic did not work (a mess)-just like Dem party!
69,1/31/2017 11:27:02,1/31/2017 7:27:02,When will the Democrats give us our Attorney General and rest of Cabinet! They should be ashamed of themselves! No wonder D.C. doesn't work!
70,2/1/2017 0:31:08,1/31/2017 20:31:08,Getting ready to deliver a VERY IMPORTANT DECISION!  8:00 P.M.
71,2/1/2017 1:01:03,1/31/2017 21:01:03,"Join me live from the @WhiteHouse.
https://t.co/LHOs4nAaGl"
72,2/1/2017 3:45:26,1/31/2017 23:45:26,"Hope you like my nomination of Judge Neil Gorsuch for the United States Supreme Court. He is a good and brilliant man, respected by all."
73,2/1/2017 12:50:16,2/1/2017 8:50:16,"Everybody is arguing whether or not it is a BAN. Call it what you want, it is about keeping bad people (with bad intentions) out of country!"
74,2/2/2017 3:06:14,2/1/2017 23:06:14,Iran is rapidly taking over more and more of Iraq even after the U.S. has squandered three trillion dollars there. Obvious long ago!
75,2/2/2017 3:55:49,2/1/2017 23:55:49,Do you believe it? The Obama Administration agreed to take thousands of illegal immigrants from Australia. Why? I will study this dumb deal!
76,2/2/2017 11:13:13,2/2/2017 7:13:13,If U.C. Berkeley does not allow free speech and practices violence on innocent people with a different point of view - NO FEDERAL FUNDS?
77,2/2/2017 11:18:21,2/2/2017 7:18:21,Congratulations to Rex Tillerson on being sworn in as our new Secretary of State. He will be a star!
78,2/2/2017 11:25:40,2/2/2017 7:25:40,Attending Chief Ryan Owens' Dignified Transfer yesterday with my daughter Ivanka was my great honor. To a great and brave man - thank you!
79,2/2/2017 11:34:36,2/2/2017 7:34:36,Iran has been formally PUT ON NOTICE for firing a ballistic missile.Should have been thankful for the terrible deal the U.S. made with them!
80,2/2/2017 11:39:49,2/2/2017 7:39:49,Iran was on its last legs and ready to collapse until the U.S. came along and gave it a life-line in the form of the Iran Deal: $150 billion
81,2/2/2017 17:29:16,2/2/2017 13:29:16,"Thank you, @Samsung! We would love to have you! https://t.co/r5nxC9oOA4"
82,2/3/2017 11:24:51,2/3/2017 7:24:51,"Yes, Arnold Schwarzenegger did a really bad job as Governor of California and even worse on the Apprentice...but at least he tried hard!"
83,2/3/2017 11:28:02,2/3/2017 7:28:02,"Iran is playing with fire - they don't appreciate how ""kind"" President Obama was to them. Not me!"
84,2/3/2017 11:34:32,2/3/2017 7:34:32,Thank you to Prime Minister of Australia for telling the truth about our very civil conversation that FAKE NEWS media lied about. Very nice!
85,2/3/2017 11:41:11,2/3/2017 7:41:11,"Meeting with biggest business leaders this morning. Good jobs are coming back to U.S., health care and tax bills are being crafted NOW!"
86,2/3/2017 11:48:16,2/3/2017 7:48:16,"Professional anarchists, thugs and paid protesters are proving the point of the millions of people who voted to MAKE AMERICA GREAT AGAIN!"
87,2/3/2017 12:51:58,2/3/2017 8:51:58,A new radical Islamic terrorist has just attacked in Louvre Museum in Paris. Tourists were locked down. France on edge again. GET SMART U.S.
88,2/3/2017 23:08:38,2/3/2017 19:08:38,"We must keep ""evil"" out of our country!"
89,2/4/2017 3:07:47,2/3/2017 23:07:47,Countries charge U.S. companies taxes or tariffs while the U.S. charges them nothing or little.We should charge them SAME as they charge us!
90,2/4/2017 12:59:35,2/4/2017 8:59:35,"When a country is no longer able to say who can, and who cannot , come in &amp; out, especially for reasons of safety &amp;.security - big trouble!"
91,2/4/2017 13:06:39,2/4/2017 9:06:39,Interesting that certain Middle-Eastern countries agree with the ban. They know if certain people are allowed in it's death &amp; destruction!
92,2/4/2017 13:12:02,2/4/2017 9:12:02,"The opinion of this so-called judge, which essentially takes law-enforcement away from our country, is ridiculous and will be overturned!"
93,2/4/2017 13:39:27,2/4/2017 9:39:27,"After being forced to apologize for its bad and inaccurate coverage of me after winning the election, the FAKE NEWS @nytimes is still lost!"
94,2/4/2017 14:26:10,2/4/2017 10:26:10,MAKE AMERICA GREAT AGAIN!
95,2/4/2017 20:44:07,2/4/2017 16:44:07,"What is our country coming to when a judge can halt a Homeland Security travel ban and anyone, even with bad intentions, can come into U.S.?"
96,2/4/2017 21:44:49,2/4/2017 17:44:49,"Because the ban was lifted by a judge, many very bad and dangerous people may be pouring into our country. A terrible decision"
97,2/4/2017 23:37:59,2/4/2017 19:37:59,"Why aren't the lawyers looking at and using the Federal Court decision in Boston, which is at conflict with ridiculous lift ban decision?"
98,2/5/2017 0:34:50,2/4/2017 20:34:50,Interview with @oreillyfactor on Fox Network - 4:00 P.M. (prior to Super Bowl). Enjoy!
99,2/5/2017 0:48:12,2/4/2017 20:48:12,The judge opens up our country to potential terrorists and others that do not have our best interests at heart. Bad people are very happy!
100,2/5/2017 20:39:05,2/5/2017 16:39:05,Just cannot  believe a judge would put our country in such peril. If something happens blame him and court system. People pouring in. Bad!
101,2/5/2017 20:42:33,2/5/2017 16:42:33,I have instructed Homeland Security to check people coming into our country VERY CAREFULLY. The courts are making the job very difficult!
102,2/5/2017 22:49:42,2/5/2017 18:49:42,Enjoy the #SuperBowl and then we continue: MAKE AMERICA GREAT AGAIN!
103,2/6/2017 3:36:54,2/5/2017 23:36:54,"What an amazing comeback and win by the Patriots. Tom Brady, Bob Kraft and Coach B are total winners. Wow!"
104,2/6/2017 12:01:53,2/6/2017 8:01:53,"Any negative polls are fake news, just like the CNN, ABC, NBC polls in the election. Sorry, people want border security and extreme vetting."
105,2/6/2017 12:07:55,2/6/2017 8:07:55,"I call my own shots, largely based on an accumulation of data, and everyone knows it. Some FAKE NEWS media, in order to marginalize, lies!"
106,2/6/2017 16:32:24,2/6/2017 12:32:24,"The failing @nytimes writes total fiction concerning me. They have gotten it wrong for two years, and now are making up stories &amp; sources!"
107,2/6/2017 23:33:52,2/6/2017 19:33:52,An extended interview from the Super Bowl with @oreillyfactor airs tonight at 8:00 P.M. Enjoy! https://t.co/kZdHqaNTVR
108,2/7/2017 2:33:55,2/6/2017 22:33:55,The failing @nytimes was forced to apologize to its subscribers for the poor reporting it did on my election win. Now they are worse!
109,2/7/2017 2:49:28,2/6/2017 22:49:28,"The threat from radical Islamic terrorism is very real, just look at what is happening in Europe and the Middle-East. Courts must act fast!"
110,2/7/2017 12:11:29,2/7/2017 8:11:29,"I don't know Putin, have no deals in Russia, and the haters are going crazy - yet Obama can make a deal with Iran, #1 in terror, no problem!"
111,2/7/2017 16:25:13,2/7/2017 12:25:13,An honor having the National Sheriffs' Assoc. join me at the @WhiteHouse. Incredible men &amp; women who protect &amp; serv‚Ä¶ https://t.co/1LkhbCNh8L
112,2/8/2017 1:04:00,2/7/2017 21:04:00,"It is a disgrace that my full Cabinet is still not in place, the longest such delay in the history of our country. Obstruction by Democrats!"
113,2/8/2017 12:03:18,2/8/2017 8:03:18,"If the U.S. does not win this case as it so obviously should, we can never have the security and safety to which we are entitled. Politics!"
114,2/8/2017 13:04:47,2/8/2017 9:04:47,"I will be speaking at 9:00 A.M. today to Police Chiefs and Sheriffs and will be discussing the horrible, dangerous and wrong decision......."
115,2/8/2017 15:23:29,2/8/2017 11:23:29,Thank you to our great Police Chiefs &amp; Sheriffs for your leadership &amp; service. You have a true friend in the‚Ä¶ https://t.co/Lysnv8ZR1h
116,2/8/2017 15:51:01,2/8/2017 11:51:01,My daughter Ivanka has been treated so unfairly by @Nordstrom. She is a great person -- always pushing me to do the right thing! Terrible!
117,2/8/2017 15:54:01,2/8/2017 11:54:01,16 Fake News Stories Reporters Have Run Since Trump Won' https://t.co/0dHld5kiVc
118,2/8/2017 17:41:09,2/8/2017 13:41:09,"Big increase in traffic into our country from certain areas, while our people are far more vulnerable, as we wait for what should be EASY D!"
119,2/8/2017 19:22:33,2/8/2017 15:22:33,"Thank you Brian Krzanich, CEO of @Intel. A great investment ($7 BILLION) in American INNOVATION and JOBS!‚Ä¶ https://t.co/oicfDsPKHQ"
120,2/8/2017 19:39:51,2/8/2017 15:39:51,Immigration Ban Is One Of Trump's Most Popular Orders So Far' https://t.co/wAelwuQ4BE
121,2/8/2017 21:46:14,2/8/2017 17:46:14,"Majority in Leading EU Nations Support Trump-Style Travel Ban' 
Poll of more than 10,000 people in 10 countries...https://t.co/KWsIWhtC9o"
122,2/8/2017 22:07:18,2/8/2017 18:07:18,"Trump administration seen as more truthful than news media'
https://t.co/6LmsR5JOSW"
123,2/9/2017 1:05:53,2/8/2017 21:05:53,"Congratulations to our new Attorney General, @SenatorSessions! https://t.co/e0buP1K83z"
124,2/9/2017 11:57:59,2/9/2017 7:57:59,"Sen.Richard Blumenthal, who never fought in Vietnam when he said for years he had (major lie),now misrepresents what Judge Gorsuch told him?"
125,2/9/2017 13:19:08,2/9/2017 9:19:08,"Chris Cuomo, in his interview with Sen. Blumenthal, never asked him about his long-term lie about his brave ""service"" in Vietnam. FAKE NEWS!"
126,2/9/2017 13:26:07,2/9/2017 9:26:07,Sen. McCain should not be talking about the success or failure of a mission to the media. Only emboldens the enemy! He's been losing so....
127,2/9/2017 13:31:59,2/9/2017 9:31:59,"...long he doesn't know how to win anymore, just look at the mess our country is in - bogged down in conflict all over the place. Our hero.."
128,2/9/2017 13:52:31,2/9/2017 9:52:31,"..Ryan died on a winning mission ( according to General Mattis), not a ""failure."" Time for the U.S. to get smart and start winning again!"
129,2/9/2017 15:58:01,2/9/2017 11:58:01,"Join us live in the Oval Office for the swearing in of our new Attorney General, @SenatorSessions!
LIVE:‚Ä¶ https://t.co/QeW6vjog4A"
130,2/9/2017 23:35:49,2/9/2017 19:35:49,"SEE YOU IN COURT, THE SECURITY OF OUR NATION IS AT STAKE!"
131,2/10/2017 13:15:27,2/10/2017 9:15:27,"LAWFARE: ""Remarkably, in the entire opinion, the panel did not bother even to cite this (the) statute."" A disgraceful decision!"
132,2/10/2017 13:35:50,2/10/2017 9:35:50,"The failing @nytimes does major FAKE NEWS China story saying ""Mr.Xi has not spoken to Mr. Trump since Nov.14."" We spoke at length yesterday!"
133,2/10/2017 23:24:51,2/10/2017 19:24:51,Heading to Joint Base Andrews on #MarineOne with Prime Minister Shinz≈ç earlier today. https://t.co/4JFhyYdeHO
134,2/11/2017 12:12:51,2/11/2017 8:12:51,"Our legal system is broken! ""77% of refugees allowed into U.S. since travel reprieve hail from seven suspect countries."" (WT)  SO DANGEROUS!"
135,2/11/2017 13:18:43,2/11/2017 9:18:43,"I am reading that the great border WALL will cost more than the government originally thought, but I have not gotten involved in the....."
136,2/11/2017 13:24:32,2/11/2017 9:24:32,"...design or negotiations yet. When I do, just like with the F-35 FighterJet or the Air Force One Program, price will come WAY DOWN!"
137,2/11/2017 13:33:53,2/11/2017 9:33:53,"Melania and I are hosting Japanese Prime Minister Shinzo Abe and Mrs. Abe at Mar-a-Lago in Palm Beach, Fla. They are a wonderful couple!"
138,2/11/2017 18:28:31,2/11/2017 14:28:31,"Having a great time hosting Prime Minister Shinzo Abe in the United States! 
https://t.co/Fvjsac89qS‚Ä¶ https://t.co/hKqbMB2aQ9"
139,2/11/2017 23:00:21,2/11/2017 19:00:21,"I am so proud of my daughter Ivanka. To be abused and treated so badly by the media, and to still hold her head so high, is truly wonderful!"
140,2/11/2017 23:15:34,2/11/2017 19:15:34,"Played golf today with Prime Minister Abe of Japan and @TheBig_Easy, Ernie Els, and had a great time. Japan is very well represented!"
141,2/11/2017 23:24:08,2/11/2017 19:24:08,"A working dinner tonight with Prime Minister Abe of Japan, and his representatives, at the Winter White House (Mar-a-Lago). Very good talks!"
142,2/12/2017 3:23:13,2/11/2017 23:23:13,RT @Scavino45: LIVE Joint Statement by President Trump and Prime Minister Shinzo Abe: https://t.co/c3Fe5cUaaS
143,2/12/2017 5:02:01,2/12/2017 1:02:01,#ICYMI: Joint Statement with Prime Minister Shinzo Abe on North Korea. https://t.co/qEC87FKB1D
144,2/12/2017 11:34:45,2/12/2017 7:34:45,"The crackdown on illegal criminals is merely the keeping of my campaign promise. Gang members, drug dealers &amp; others are being removed!"
145,2/12/2017 11:55:10,2/12/2017 7:55:10,"72% of refugees admitted into U.S. (2/3 -2/11) during COURT BREAKDOWN are from 7 countries: SYRIA, IRAQ, SOMALIA, IRAN, SUDAN, LIBYA &amp; YEMEN"
146,2/12/2017 12:14:16,2/12/2017 8:14:16,"While on FAKE NEWS @CNN, Bernie Sanders was cut off for using the term fake news to describe the network. They said technical difficulties!"
147,2/12/2017 13:04:49,2/12/2017 9:04:49,"After two days of very productive talks, Prime Minister Abe is heading back to Japan. L"
148,2/12/2017 13:23:18,2/12/2017 9:23:18,I know Mark Cuban well. He backed me big-time but I wasn't interested in taking all of his calls.He's not smart enough to run for president!
149,2/12/2017 15:41:55,2/12/2017 11:41:55,Congratulations Stephen Miller- on representing me this morning on the various Sunday morning shows. Great job!
150,2/12/2017 22:19:05,2/12/2017 18:19:05,Just leaving Florida. Big crowds of enthusiastic supporters lining the road that the FAKE NEWS media refuses to mention. Very dishonest!
151,2/13/2017 15:53:08,2/13/2017 11:53:08,Today I will meet with Canadian PM Trudeau and a group of leading business women to discuss women in the workforce. https://t.co/bFAHPRXHdP
152,2/13/2017 16:59:06,2/13/2017 12:59:06,Welcome to the @WhiteHouse Prime Minister @JustinTrudeau! https://t.co/WKgF8Zo9ri
153,2/13/2017 18:50:57,2/13/2017 14:50:57,Wonderful meeting with Canadian PM @JustinTrudeau and a group of leading CEO's &amp; business women from Canadaüá®üá¶and th‚Ä¶ https://t.co/wAoCOaYeZ6
154,2/14/2017 2:57:05,2/13/2017 22:57:05,Congratulations Treasury Secretary Steven Mnuchin! #ICYMI- watch here: https://t.co/RPsmw4yD7y https://t.co/K8tWLlXiYK
155,2/14/2017 3:30:45,2/13/2017 23:30:45,Congratulations to our new #VASecretary Dr. David Shulkin. Time to take care of Veterans who have fought to protect‚Ä¶ https://t.co/FNewjbHuw4
156,2/14/2017 14:28:54,2/14/2017 10:28:54,The real story here is why are there so many illegal leaks coming out of Washington? Will these leaks be happening as I deal on N.Korea etc?
157,2/14/2017 20:21:59,2/14/2017 16:21:59,Great parent-teacher listening session this morning with @VP Pence &amp; @usedgov Secretary @BetsyDeVos. Watch:‚Ä¶ https://t.co/nuLTs513Ot
158,2/14/2017 21:48:10,2/14/2017 17:48:10,"Remarks by President Trump at Signing of H.J. Resolution 41'
https://t.co/Q3MoCGAc54 https://t.co/yGDDTKm9Br"
159,2/14/2017 22:50:33,2/14/2017 18:50:33,"Obamacare continues to fail. Humana to pull out in 2018. Will repeal, replace &amp; save healthcare for ALL Americans. 
https://t.co/glWEQ0lNR4"
160,2/15/2017 11:40:32,2/15/2017 7:40:32,The fake news media is going crazy with their conspiracy theories and blind hatred. @MSNBC &amp; @CNN are unwatchable. @foxandfriends is great!
161,2/15/2017 12:08:12,2/15/2017 8:08:12,This Russian connection non-sense is merely an attempt to cover-up the many mistakes made in Hillary Clinton's losing campaign.
162,2/15/2017 12:19:18,2/15/2017 8:19:18,Information is being illegally given to the failing @nytimes &amp; @washingtonpost by the intelligence community (NSA and FBI?).Just like Russia
163,2/15/2017 12:28:37,2/15/2017 8:28:37,"Thank you to Eli Lake of The Bloomberg View - ""The NSA &amp; FBI...should not interfere in our politics...and is"" Very serious situation for USA"
164,2/15/2017 12:42:20,2/15/2017 8:42:20,Crimea was TAKEN by Russia during the Obama Administration. Was Obama too soft on Russia?
165,2/15/2017 13:13:10,2/15/2017 9:13:10,"The real scandal here is that classified information is illegally given out by ""intelligence"" like candy. Very un-American!"
166,2/15/2017 16:34:27,2/15/2017 12:34:27,Great listening session with CEO's of the Retail Industry Leaders Association this morning! https://t.co/sy6xJcWfcF
167,2/15/2017 19:17:59,2/15/2017 15:17:59,"Welcome to the United States, @IsraeliPM Benjamin &amp; Sara!
#ICYMIüá∫üá∏üáÆüá±Joint Press Conference: 
https://t.co/GN6ALWUusN https://t.co/bH60nBL5FP"
168,2/15/2017 19:45:16,2/15/2017 15:45:16,"Join me in Florida this Saturday at 5pm for a rally at the Orlando-Melbourne International Airport!
Tickets:‚Ä¶ https://t.co/OigfXFECPp"
169,2/15/2017 21:34:05,2/15/2017 17:34:05,"Aetna CEO: Obamacare in 'Death Spiral' #RepealAndReplace 
https://t.co/dmHL7xIEQv"
170,2/15/2017 23:59:26,2/15/2017 19:59:26,"Venezuela should allow Leopoldo Lopez, a political prisoner &amp; husband of @liliantintori (just met w/ @marcorubio) o‚Ä¶ https://t.co/HhgE51dtSN"
171,2/16/2017 11:34:46,2/16/2017 7:34:46,Stock market hits new high with longest winning streak in decades. Great level of confidence and optimism - even before tax plan rollout!
172,2/16/2017 11:58:43,2/16/2017 7:58:43,"Leaking, and even illegal classified leaking, has been a big problem in Washington for years. Failing @nytimes (and others) must apologize!"
173,2/16/2017 12:02:59,2/16/2017 8:02:59,The spotlight has finally been put on the low-life leakers! They will be caught!
174,2/16/2017 14:10:49,2/16/2017 10:10:49,"FAKE NEWS media, which makes up stories and ""sources,"" is far more effective than the discredited Democrats - but they are fading fast!"
175,2/16/2017 14:39:52,2/16/2017 10:39:52,"The Democrats had to come up with a story as to why they lost the election, and so badly (306), so they made up a story - RUSSIA. Fake news!"
176,2/16/2017 23:44:54,2/16/2017 19:44:54,Trump signs bill undoing Obama coal mining rule' https://t.co/yMfT5r5RGh
177,2/17/2017 10:13:32,2/17/2017 6:13:32,"Despite the long delays by the Democrats in finally approving Dr. Tom Price, the repeal and replacement of ObamaCare is moving fast!"
178,2/17/2017 11:38:20,2/17/2017 7:38:20,"Going to Charleston, South Carolina, in order to spend time with Boeing and talk jobs! Look forward to it."
179,2/17/2017 11:43:10,2/17/2017 7:43:10,Thank you for all of the nice statements on the Press Conference yesterday. Rush Limbaugh said one of greatest ever. Fake media not happy!
180,2/17/2017 13:16:22,2/17/2017 9:16:22,"General Keith Kellogg, who I have known for a long time, is very much in play for NSA - as are three others."
181,2/17/2017 15:34:14,2/17/2017 11:34:14,"Join me at 11:00am:
Watch here: https://t.co/veqKmsGAwf https://t.co/UzndIjIqjM"
182,2/17/2017 21:48:22,2/17/2017 17:48:22,"The FAKE NEWS media (failing @nytimes, @NBCNews, @ABC, @CBS, @CNN) is not my enemy, it is the enemy of the American People!"
183,2/17/2017 23:15:56,2/17/2017 19:15:56,"""One of the most effective press conferences I've ever seen!"" says Rush Limbaugh. Many agree.Yet FAKE MEDIA  calls it differently! Dishonest"
184,2/18/2017 0:02:58,2/17/2017 20:02:58,Looking forward to the Florida rally tomorrow. Big crowd expected!
185,2/18/2017 13:31:53,2/18/2017 9:31:53,Don't believe the main stream (fake news) media.The White House is running VERY WELL. I inherited a MESS and am in the process of fixing it.
186,2/18/2017 13:51:20,2/18/2017 9:51:20,"Will be having many meetings this weekend at The Southern White House. Big 5:00 P.M. speech in Melbourne, Florida. A lot to talk about!"
187,2/19/2017 21:57:01,2/19/2017 17:57:01,My statement as to what's happening in Sweden was in reference to a story that was broadcast on @FoxNews concerning immigrants &amp; Sweden.
188,2/20/2017 14:15:42,2/20/2017 10:15:42,Give the public a break - The FAKE NEWS media is trying to say that large scale immigration in Sweden is working out just beautifully. NOT!
189,2/20/2017 14:33:33,2/20/2017 10:33:33,HAPPY PRESIDENTS DAY - MAKE AMERICA GREAT AGAIN!
190,2/20/2017 21:00:37,2/20/2017 17:00:37,Just named General H.R. McMaster National Security Advisor.
191,2/21/2017 0:38:40,2/20/2017 20:38:40,"Congratulations to our new National Security Advisor, General H.R. McMaster. Video: https://t.co/BKn9r225Kk https://t.co/VBXcJ1b6Pv"
192,2/21/2017 20:46:42,2/21/2017 16:46:42,Americans overwhelmingly oppose sanctuary cities' https://t.co/s5QvsJWA6u
193,2/21/2017 23:23:13,2/21/2017 19:23:13,"The so-called angry crowds in home districts of some Republicans are actually, in numerous cases, planned out by liberal activists. Sad!"
194,2/22/2017 12:20:40,2/22/2017 8:20:40,"One thing I will say about Rep. Keith Ellison, in his fight to lead the DNC, is that he was the one who predicted early that I would win!"
195,2/22/2017 12:50:56,2/22/2017 8:50:56,Very much enjoyed my tour of the Smithsonian's National Museum of African American History and Culture...A great job done by amazing people!
196,2/23/2017 22:53:45,2/23/2017 18:53:45,S&amp;P 500 Edges Higher After Trump Renews Jobs Pledge' https://t.co/WtrRJVFmvU
197,2/24/2017 0:01:40,2/23/2017 20:01:40,Seven people shot and killed yesterday in Chicago. What is going on there - totally out of control. Chicago needs help!
198,2/24/2017 0:06:44,2/23/2017 20:06:44,Big interview tonight by Henry Kravis at The Business Council of Washington. Looking forward to it!
199,2/24/2017 12:31:49,2/24/2017 8:31:49,"The FBI is totally unable to stop the national security ""leakers"" that have permeated our government for a long time. They can't even......"
200,2/24/2017 12:36:34,2/24/2017 8:36:34,find the leakers within the FBI itself. Classified information is being given to media that could have a devastating effect on U.S. FIND NOW
201,2/24/2017 13:49:27,2/24/2017 9:49:27,Going to CPAC!
202,2/24/2017 17:04:19,2/24/2017 13:04:19,"Trump vows to fight 'epidemic' of human trafficking 
https://t.co/oDLZ2NdrtA"
203,2/25/2017 3:09:18,2/24/2017 23:09:18,FAKE NEWS media knowingly doesn't tell the truth. A great danger to our country. The failing @nytimes has become a joke. Likewise @CNN. Sad!
204,2/25/2017 12:25:24,2/25/2017 8:25:24,Maybe the millions of people who voted to MAKE AMERICA GREAT AGAIN should have their own rally. It would be the biggest of them all!
205,2/25/2017 13:19:18,2/25/2017 9:19:18,The media has not reported that the National Debt in my first month went down by $12 billion vs a $200 billion increase in Obama first mo.
206,2/25/2017 13:27:04,2/25/2017 9:27:04,"Great optimism for future of U.S. business, AND JOBS, with the DOW having an 11th straight record close. Big tax &amp; regulation cuts coming!"
207,2/25/2017 18:12:25,2/25/2017 14:12:25,Weekly Address from @WhiteHouse: https://t.co/uaoQSHBOQB https://t.co/7eF6aC6kEC
208,2/25/2017 21:53:21,2/25/2017 17:53:21,I will not be attending the White House Correspondents' Association Dinner this year. Please wish everyone well and have a great evening!
209,2/25/2017 22:02:22,2/25/2017 18:02:22,"Congratulations to Thomas Perez, who has just been named Chairman of the DNC. I could not be happier for him, or for the Republican Party!"
210,2/26/2017 11:33:16,2/26/2017 7:33:16,"The race for DNC Chairman was, of course, totally ""rigged."" Bernie's guy, like Bernie himself, never had a chance. Clinton demanded Perez!"
211,2/26/2017 11:42:39,2/26/2017 7:42:39,For first time the failing @nytimes will take an ad (a bad one) to help save its failing reputation. Try reporting accurately &amp; fairly!
212,2/26/2017 18:16:41,2/26/2017 14:16:41,"Russia talk is FAKE NEWS put out by the Dems, and played up by the media, in order to mask the big election defeat and the illegal leaks!"
213,2/26/2017 20:13:52,2/26/2017 16:13:52,"Big dinner with Governors tonight at White House. Much to be discussed, including healthcare."
214,2/27/2017 17:06:23,2/27/2017 13:06:23,Great meeting with CEOs of leading U.S. health insurance companies who provide great healthcare to the American peo‚Ä¶ https://t.co/60jigi6ffS
215,2/27/2017 21:48:21,2/27/2017 17:48:21,"GOP now viewed more favorably than Dems, in Trump era (per NBC/WSJ poll) via @HotlineJosh:
https://t.co/Soebxtg2Zd"
216,2/28/2017 2:43:03,2/27/2017 22:43:03,I will be interviewed on @foxandfriends at 6:00 A.M. Enjoy!
217,3/1/2017 1:30:49,2/28/2017 21:30:49,"Join me live at 9:00 P.M. 
#JointAddress https://t.co/J882zbyVkJ https://t.co/gTtK3vJmkU"
218,3/1/2017 1:42:16,2/28/2017 21:42:16,"#JointSession #MAGAüá∫üá∏
https://t.co/RDO6Jt2pip"
219,3/1/2017 13:38:44,3/1/2017 9:38:44,THANK YOU!
220,3/2/2017 11:00:41,3/2/2017 7:00:41,"Since November 8th, Election Day, the Stock Market has posted $3.2 trillion in GAINS and consumer confidence is at a 15 year high. Jobs!"
221,3/3/2017 2:22:49,3/2/2017 22:22:49,"Jeff Sessions is an honest man. He did not say anything wrong. He could have stated his response more accurately, but it was clearly not...."
222,3/3/2017 2:27:29,3/2/2017 22:27:29,...intentional. This whole narrative is a way of saving face for Democrats losing an election that everyone thought they were supposed.....
223,3/3/2017 2:35:33,3/2/2017 22:35:33,"...to win. The Democrats are overplaying their hand. They lost the election, and now they have lost their grip on reality. The real story..."
224,3/3/2017 2:38:48,3/2/2017 22:38:48,"...is all of the illegal leaks of classified and other information. It is a total ""witch hunt!"""
225,3/3/2017 12:00:39,3/3/2017 8:00:39,"Nick Adams new book, Green Card Warrior, is a must read. The merit-based system is the way to go. Canada, Australia! @foxandfriends"
226,3/3/2017 12:19:12,3/3/2017 8:19:12,It is so pathetic that the Dems have still not approved my full Cabinet.
227,3/3/2017 16:41:55,3/3/2017 12:41:55,"Weekly Address
Join me here: https://t.co/SEavQK5zy5 https://t.co/EnyXYeqgcp"
228,3/3/2017 17:54:30,3/3/2017 13:54:30,We should start an immediate investigation into @SenSchumer and his ties to Russia and Putin. A total hypocrite! https://t.co/Ik3yqjHzsA
229,3/3/2017 20:48:21,3/3/2017 16:48:21,We must fix our education system for our kids to Make America Great Again. Wonderful day at Saint Andrew in Orlando. https://t.co/OTJaHcvLzf
230,3/3/2017 21:02:23,3/3/2017 17:02:23,"I hereby demand a second investigation, after Schumer, of Pelosi for her close ties to Russia, and lying about it. https://t.co/qCDljfF3wN"
231,3/3/2017 22:13:10,3/3/2017 18:13:10,MAKE AMERICA GREAT AGAIN! https://t.co/kuQiZDz4rA
232,3/4/2017 11:26:47,3/4/2017 7:26:47,The first meeting Jeff Sessions had with the Russian Amb was set up by the Obama Administration under education program for 100 Ambs......
233,3/4/2017 11:35:20,3/4/2017 7:35:20,"Terrible! Just found out that Obama had my ""wires tapped"" in Trump Tower just before the victory. Nothing found. This is McCarthyism!"
234,3/4/2017 11:42:59,3/4/2017 7:42:59,"Just out: The same Russian Ambassador that met Jeff Sessions visited the Obama White House 22 times, and 4 times last year alone."
235,3/4/2017 11:49:00,3/4/2017 7:49:00,"Is it legal for a sitting President to be ""wire tapping"" a race for president prior to an election? Turned down by court earlier. A NEW LOW!"
236,3/4/2017 11:52:54,3/4/2017 7:52:54,"I'd bet a good lawyer could make a great case out of the fact that President Obama was tapping my phones in October, just prior to Election!"
237,3/4/2017 12:02:48,3/4/2017 8:02:48,How low has President Obama gone to tapp my phones during the very sacred election process. This is Nixon/Watergate. Bad (or sick) guy!
238,3/4/2017 13:19:29,3/4/2017 9:19:29,"Arnold Schwarzenegger isn't voluntarily leaving the Apprentice, he was fired by his bad (pathetic) ratings, not by me. Sad end to great show"
239,3/5/2017 11:32:22,3/5/2017 7:32:22,Is it true the DNC would not allow the FBI access to check server or other equipment after learning it was hacked? Can that be possible?
240,3/5/2017 11:40:20,3/5/2017 7:40:20,"Who was it that secretly said to Russian President, ""Tell Vladimir that after the election I'll have more flexibility?"" @foxandfriends"
241,3/5/2017 17:30:11,3/5/2017 13:30:11,Thank you for the great rallies all across the country. Tremendous support. Make America Great Again!
242,3/6/2017 21:19:04,3/6/2017 17:19:04,"President Trump Congratulates Exxon Mobil for Job-Creating Investment Program'
https://t.co/adBzWhtq8S"
243,3/6/2017 21:22:15,3/6/2017 17:22:15,"45,000 construction &amp; manufacturing jobs in the U.S. Gulf Coast region. $20 billion investment. We are already winning again, America!"
244,3/6/2017 23:49:53,3/6/2017 19:49:53,There is an incredible spirit of optimism sweeping the country right now‚Äîwe're bringing back the JOBS! https://t.co/BNSLvKiEVj
245,3/7/2017 3:49:54,3/6/2017 23:49:54,"Buy American &amp; hire American are the principles at the core of my agenda, which is: JOBS, JOBS, JOBS! Thank you @exxonmobil."
246,3/7/2017 3:50:49,3/6/2017 23:50:49,"Thank you to @exxonmobil for your $20 billion investment that is creating more than 45,000 manufacturing &amp; construction jobs in the USA!"
247,3/7/2017 12:04:13,3/7/2017 8:04:13,"122 vicious prisoners, released by the Obama Administration from Gitmo, have returned to the battlefield. Just another terrible decision!"
248,3/7/2017 12:13:59,3/7/2017 8:13:59,Our wonderful new Healthcare Bill is now out for review and negotiation. ObamaCare is a complete and total disaster - is imploding fast!
249,3/7/2017 13:13:20,3/7/2017 9:13:20,"For eight years Russia ""ran over"" President Obama, got stronger and stronger, picked-off Crimea and added missiles. Weak! @foxandfriends"
250,3/7/2017 13:41:58,3/7/2017 9:41:58,"Don't worry, getting rid of state lines, which will promote competition, will be in phase 2 &amp; 3 of healthcare rollout. @foxandfriends"
251,3/7/2017 13:46:28,3/7/2017 9:46:28,I am working on a new system where there will be competition in the Drug Industry. Pricing for the American people will come way down!
252,3/7/2017 14:14:03,3/7/2017 10:14:03,"Don't let the FAKE NEWS tell you that there is big infighting in the Trump Admin. We are getting along great, and getting major things done!"
253,3/8/2017 0:14:30,3/7/2017 20:14:30,I feel sure that my friend @RandPaul will come along with the new and great health care program because he knows Obamacare is a disaster!
254,3/8/2017 11:12:39,3/8/2017 7:12:39,I have tremendous respect for women and the many roles they serve that are vital to the fabric of our society and our economy.
255,3/8/2017 11:13:44,3/8/2017 7:13:44,"On International Women's Day, join me in honoring the critical role of women here in America &amp; around the world."
256,3/8/2017 12:11:25,3/8/2017 8:11:25,LinkedIn Workforce Report: January and February were the strongest consecutive months for hiring since August and September 2015
257,3/8/2017 23:50:25,3/8/2017 19:50:25,Met with @RepCummings today at the @WhiteHouse. Great discussion!
258,3/8/2017 23:54:16,3/8/2017 19:54:16,"Great news. We are only just beginning. Together, we are going to #MAGA! https://t.co/BSp685Q9Qf https://t.co/K7yeBZsf6r"
259,3/9/2017 13:13:54,3/9/2017 9:13:54,RT @foxnation: .@realDonaldTrump's First Full Month in Office Sees Biggest Jobs Gain 'In Years': Report: https://t.co/rx4bgI1MWK
260,3/9/2017 17:01:17,3/9/2017 13:01:17,"Despite what you hear in the press, healthcare is coming along great. We are talking to many groups and it will end in a beautiful picture!"
261,3/9/2017 22:36:27,3/9/2017 18:36:27,U.S. Consumer Comfort Just Reached Its Highest Level in a Decade' ‚û°Ô∏èhttps://t.co/S8nZgmeMMV https://t.co/xC0piRa6eP
262,3/9/2017 23:11:27,3/9/2017 19:11:27,Honored to meet this years @SenateYouth delegates w/ @VP Pence in the East Room of the @WhiteHouse. Congratulations‚Ä¶ https://t.co/oQIx7LybCV
263,3/10/2017 13:32:05,3/10/2017 9:32:05,"RT @foxandfriends: ""Never give up....that's the worst thing you could do. There's always a chance."" -Kyle Coddington's message to those als‚Ä¶"
264,3/10/2017 13:45:02,3/10/2017 9:45:02,"RT @DRUDGE_REPORT: GREAT AGAIN:  +235,000 https://t.co/GkockGNdtC"
265,3/10/2017 15:40:53,3/10/2017 11:40:53,"Weekly Address - 11:00 A.M. at the @WhiteHouse! #MAGAüá∫üá∏
‚û°Ô∏èhttps://t.co/YSaPJnSX2i https://t.co/Gb8iTGzb6j"
266,3/11/2017 14:39:07,3/11/2017 10:39:07,We are making great progress with healthcare. ObamaCare is imploding and will only get worse. Republicans coming together to get job done!
267,3/12/2017 12:36:59,3/12/2017 8:36:59,"RT @AmericaFirstPol: .@POTUS Trump led a historic journey to the White House. 50 days in, that historic journey continues. Take a look üëâ ht‚Ä¶"
268,3/13/2017 12:52:29,3/13/2017 8:52:29,"It is amazing how rude much of the media is to my very hard working representatives. Be nice, you will do much better!"
269,3/13/2017 13:11:17,3/13/2017 9:11:17,"ObamaCare is imploding. It is a disaster and 2017 will be the worst year yet, by far! Republicans will come together and save the day."
270,3/13/2017 17:20:15,3/13/2017 13:20:15,Healthcare listening session w/ @VP &amp; @SecPriceMD. Watch: https://t.co/5ayQ4dr8Ip #ReadTheBill:‚Ä¶ https://t.co/1cQI0ZBUv8
271,3/13/2017 20:57:02,3/13/2017 16:57:02,Proud to welcome our great Cabinet this afternoon for our first meeting. Unfortunately 4 seats were empty because S‚Ä¶ https://t.co/bMYph832hF
272,3/13/2017 22:54:16,3/13/2017 18:54:16,"Meeting w/ Washington, D.C. @MayorBowser and Metro GM Paul Wiedefeld about incoming winter storm preparations here‚Ä¶ https://t.co/mg0A4Hq3bD"
273,3/14/2017 15:00:25,3/14/2017 11:00:25,"JOBS, JOBS, JOBS! https://t.co/wAkQMKdPXA"
274,3/14/2017 16:12:22,3/14/2017 12:12:22,Great optimism in America ‚Äì and the results will be even better! https://t.co/SYBl47CsZn
275,3/15/2017 10:55:30,3/15/2017 6:55:30,"Does anybody really believe that a reporter, who nobody ever heard of, ""went to his mailbox"" and found my tax returns? @NBCNews  FAKE NEWS!"
276,3/15/2017 11:02:40,3/15/2017 7:02:40,"Can you imagine what the outcry would be if @SnoopDogg, failing career and all, had aimed and fired the gun at President Obama? Jail time!"
277,3/15/2017 11:13:58,3/15/2017 7:13:58,"Will be going to Detroit, Michigan (love), today for a big meeting on bringing back car production to State &amp; U.S. Already happening!"
278,3/15/2017 11:29:05,3/15/2017 7:29:05,"Looking forward to a big rally in Nashville, Tennessee, tonight. Big crowd of great people expected. Will be fun!"
279,3/15/2017 12:14:20,3/15/2017 8:14:20,CEO's most optimistic since 2009. It will only get better as we continue to slash unnecessary regulations and when we begin our big tax cut!
280,3/15/2017 20:55:52,3/15/2017 16:55:52,I will be interviewed by @TuckerCarlson tonight at 9:00 P.M. on @FoxNews. Enjoy!
281,3/15/2017 23:25:25,3/15/2017 19:25:25,Thank you Andrew Jackson! #POTUS7 #USAüá∫üá∏ https://t.co/GToWsWXiNv
282,3/16/2017 0:03:23,3/15/2017 20:03:23,"In Nashville, Tennessee! Lets MAKE AMERICA GREAT AGAIN! https://t.co/m5UR4vv6UH"
283,3/16/2017 4:20:41,3/16/2017 0:20:41,"Thank you Nashville, Tennessee! https://t.co/6snvQ0DzXN"
284,3/16/2017 15:52:22,3/16/2017 11:52:22,A budget that puts #AmericaFirst must make safety its no. 1 priority‚Äîwithout safety there can be no prosperity: https://t.co/9lxx1iQo7m
285,3/16/2017 20:09:38,3/16/2017 16:09:38,"An honor to welcome the Taoiseach of Ireland, @EndaKennyTD to the @WhiteHouse today with @VP Pence. üá∫üá∏üáÆüá™ https://t.co/J3iTl2iSiQ"
286,3/16/2017 21:43:07,3/16/2017 17:43:07,RT @USHCC: USHCC was delighted to host @IvankaTrump for a roundtable discussion w/ Hispanic women biz owners today in Washington #USHCCLegi‚Ä¶
287,3/16/2017 21:54:02,3/16/2017 17:54:02,Great progress on healthcare. Improvements being made - Republicans coming together!
288,3/16/2017 22:43:32,3/16/2017 18:43:32,My representatives had a great meeting w/ the Hispanic Chamber of Commerce at the WH today. Look forward to tremendous growth &amp; future mtgs!
289,3/17/2017 9:35:58,3/17/2017 5:35:58,"RT @DiamondandSilk: When the President says ""You're Fired""     That means: ""Pack Yo Stuff and Go, Not Say ""You Refuse to Go!  #DrainTheSwam‚Ä¶"
290,3/17/2017 12:12:04,3/17/2017 8:12:04,Happy L√° Fheile Phadraig to all of my great Irish friends!
291,3/17/2017 12:20:22,3/17/2017 8:20:22,RT @FoxNews: Jobs created in February. https://t.co/sOaMDxxTA8
292,3/17/2017 12:26:12,3/17/2017 8:26:12,"RT @AmericaFirstPol: MAJOR IMPACT: @POTUS Trump is 50 Days in and moving swiftly to get America back on the right track. #MAGA 
https://t.c‚Ä¶"
293,3/17/2017 12:30:25,3/17/2017 8:30:25,RT @foxandfriends: VIDEO: Rep. Scalise ‚Äî GOP agrees on over 85 percent of health care bill https://t.co/05dtfjAUbx
294,3/17/2017 12:34:17,3/17/2017 8:34:17,"RT @foxandfriends: FOX NEWS ALERT: Jihadis using religious visa to enter US, experts warn (via @FoxFriendsFirst) https://t.co/pwXeR9OMQC"
295,3/17/2017 13:07:15,3/17/2017 9:07:15,"North Korea is behaving very badly. They have been ""playing"" the United States for years. China has done little to help!"
296,3/17/2017 14:07:26,3/17/2017 10:07:26,"""The President Changed. So Has Small Businesses' Confidence""
https://t.co/daTGjPmYeJ"
297,3/17/2017 15:39:10,3/17/2017 11:39:10,Great meeting with the @RepublicanStudy Committee this morning at the @WhiteHouse! https://t.co/8Y2UoHoYaY
298,3/18/2017 13:15:41,3/18/2017 9:15:41,"Despite what you have heard from the FAKE NEWS, I had a GREAT meeting with German Chancellor Angela Merkel. Nevertheless, Germany owes....."
299,3/18/2017 13:23:37,3/18/2017 9:23:37,"...vast sums of money to NATO &amp; the United States must be paid more for the powerful, and very expensive, defense it provides to Germany!"
300,3/19/2017 20:20:22,3/19/2017 16:20:22,"#ICYMI: Weekly Address 
‚û°Ô∏èhttps://t.co/ckVx2zgA1x https://t.co/dTGZLvlsGv"
301,3/20/2017 10:35:28,3/20/2017 6:35:28,James Clapper and others stated that there is no evidence Potus colluded with Russia. This story is FAKE NEWS and everyone knows it!
302,3/20/2017 10:49:48,3/20/2017 6:49:48,The Democrats made up and pushed the Russian story as an excuse for running a terrible campaign. Big advantage in Electoral College &amp; lost!
303,3/20/2017 11:02:57,3/20/2017 7:02:57,"The real story that Congress, the FBI and all others should be looking into is the leaking of Classified information. Must find leaker now!"
304,3/20/2017 12:35:14,3/20/2017 8:35:14,Just heard Fake News CNN is doing polls again despite the fact that their election polls were a WAY OFF disaster. Much higher ratings at Fox
305,3/20/2017 13:14:49,3/20/2017 9:14:49,"What about all of the contact with the Clinton campaign and the Russians? Also, is it true that the DNC would not let the FBI in to look?"
306,3/20/2017 17:15:18,3/20/2017 13:15:18,Congratulations Eric &amp; Lara. Very proud and happy for the two of you! https://t.co/s0T3cTQc40
307,3/20/2017 23:03:36,3/20/2017 19:03:36,"Thank you Louisville, Kentucky- on my way! #MAGAüá∫üá∏ https://t.co/3QsBsib6kt"
308,3/21/2017 2:18:20,3/20/2017 22:18:20,"Thank you Louisville, Kentucky. Together, we will MAKE AMERICA SAFE AND GREAT AGAIN! https://t.co/qGgWEWUvek"
309,3/21/2017 17:02:31,3/21/2017 13:02:31,Joined the @HouseGOP Conference this morning at the U.S. Capitol. https://t.co/03e4YBIWr0 #PassTheBill #MAGAüá∫üá∏‚Ä¶ https://t.co/3swdFWGQtP
310,3/21/2017 17:33:23,3/21/2017 13:33:23,"Honored to sign S.442 today. With this legislation, we support @NASA's scientists, engineers, and astronauts in the‚Ä¶ https://t.co/Z5VwluvJQx"
311,3/21/2017 18:12:05,3/21/2017 14:12:05,"Today on #NationalAgDay, we honor our great American farmers &amp; ranchers. Their hard work &amp; dedication are ingrained‚Ä¶ https://t.co/IpGRhly2zj"
312,3/22/2017 13:09:35,3/22/2017 9:09:35,Big day for healthcare. Working hard!
313,3/23/2017 1:03:18,3/22/2017 21:03:18,RT @mitchellvii: EXACTLY AS I SAID - House Intel Chair: We Cannot Rule Out Sr. Obama Officials Were Involved in Trump Surveillance https://‚Ä¶
314,3/23/2017 1:04:32,3/22/2017 21:04:32,RT @mitchellvii: Trump always ends up being right.  It's almost a little freaky.
315,3/23/2017 1:33:54,3/22/2017 21:33:54,Spoke to U.K. Prime Minister Theresa May today to offer condolences on the terrorist attack in London. She is strong and doing very well.
316,3/23/2017 12:18:33,3/23/2017 8:18:33,Just watched the totally biased and fake news reports of the so-called Russia story on NBC and ABC. Such dishonesty!
317,3/23/2017 15:16:24,3/23/2017 11:16:24,"A great American, Kurt Cochran, was killed in the London terror attack. My prayers and condolences are with his family and friends."
318,3/23/2017 16:07:55,3/23/2017 12:07:55,We are taking action to #RepealANDReplace #Obamacare! Contact your Rep &amp; tell them you support #AHCA. #PassTheBill‚Ä¶ https://t.co/5lsrDJXfzb
319,3/23/2017 22:19:43,3/23/2017 18:19:43,It was an honor to welcome so many truckers and trucking industry leaders to the @WhiteHouse today! https://t.co/M1veooVBNE
320,3/24/2017 12:14:32,3/24/2017 8:14:32,"After seven horrible years of ObamaCare (skyrocketing premiums &amp; deductibles, bad healthcare), this is finally your chance for a great plan!"
321,3/24/2017 12:23:00,3/24/2017 8:23:00,"The irony is that the Freedom Caucus, which is very pro-life and against Planned Parenthood, allows P.P. to continue if they stop this plan!"
322,3/24/2017 17:03:46,3/24/2017 13:03:46,"Today, I was pleased to announce the official approval of the presidential permit for the #KeystonePipeline. A grea‚Ä¶ https://t.co/GWNo2XAueg"
323,3/24/2017 17:59:42,3/24/2017 13:59:42,"Today, I was thrilled to announce a commitment of $25 BILLION &amp; 20K AMERICAN JOBS over the next 4 years. THANK YOU‚Ä¶ https://t.co/nWJ1hNmzoR"
324,3/25/2017 13:29:17,3/25/2017 9:29:17,Happy #MedalOfHonorDay to our heroes! ‚û°Ô∏èhttps://t.co/juAB1RmMh0 https://t.co/Sw5ea1OwUf
325,3/25/2017 14:37:52,3/25/2017 10:37:52,ObamaCare will explode and we will all get together and piece together a great healthcare plan for THE PEOPLE. Do not worry!
326,3/25/2017 14:41:14,3/25/2017 10:41:14,Watch @JudgeJeanine on @FoxNews tonight at 9:00 P.M.
327,3/25/2017 22:37:02,3/25/2017 18:37:02,Thanks you for all of the Trump Rallies today. Amazing support. We will all MAKE AMERICA GREAT AGAIN!
328,3/26/2017 12:21:58,3/26/2017 8:21:58,"Democrats are smiling in D.C. that the Freedom Caucus, with the help of Club For Growth and Heritage, have saved Planned Parenthood &amp; Ocare!"
329,3/27/2017 1:04:42,3/26/2017 21:04:42,General Kelly is doing a great job at the border. Numbers are way down. Many are not even trying to come in anymore.
330,3/28/2017 1:26:04,3/27/2017 21:26:04,"Why isn't the House Intelligence Committee looking into the Bill &amp; Hillary deal that allowed big Uranium to go to Russia, Russian speech...."
331,3/28/2017 1:35:35,3/27/2017 21:35:35,"...money to Bill, the Hillary Russian ""reset,"" praise of Russia by Hillary, or Podesta Russian Company. Trump Russia story is a hoax. #MAGA!"
332,3/28/2017 1:41:15,3/27/2017 21:41:15,The Republican House Freedom Caucus was able to snatch defeat from the jaws of victory. After so many bad years they were ready for a win!
333,3/28/2017 2:03:17,3/27/2017 22:03:17,"The Democrats will make a deal with me on healthcare as soon as ObamaCare folds - not long. Do not worry, we are in very  good shape!"
334,3/28/2017 10:36:02,3/28/2017 6:36:02,Big announcement by Ford today. Major investment to be made in three Michigan plants. Car companies coming back to U.S.  JOBS! JOBS! JOBS!
335,3/28/2017 11:16:44,3/28/2017 7:16:44,Watch @foxandfriends now on Podesta and Russia!
336,3/28/2017 15:26:23,3/28/2017 11:26:23,"The failing @NYTimes would do much better if they were honest! 
https://t.co/ATy8R3knS2"
337,3/28/2017 20:57:17,3/28/2017 16:57:17,It was an honor to welcome @GLFOP to the @WhiteHouse today with @VP Pence &amp; Attorney General Sessions. THANK YOU fo‚Ä¶ https://t.co/VHzTB4c69h
338,3/28/2017 21:48:40,3/28/2017 17:48:40,"A NEW ERA IN AMERICAN ENERGY! 
#MadeInTheUSAüá∫üá∏
Watch here: https://t.co/EG02Fdlkba https://t.co/XT12jqoIqj"
339,3/28/2017 22:41:09,3/28/2017 18:41:09,Why doesn't Fake News talk about Podesta ties to Russia as covered by @FoxNews or money from Russia to Clinton - sale of  Uranium?
340,3/29/2017 12:01:52,3/29/2017 8:01:52,"Remember when the failing @nytimes apologized to its subscribers, right after the election, because their coverage was so wrong. Now worse!"
341,3/29/2017 12:21:02,3/29/2017 8:21:02,If the people of our great country could only see how viciously and inaccurately my administration is covered by certain media!
342,3/29/2017 21:39:01,3/29/2017 17:39:01,Today's EO established a commission on combating drug addiction and the opioid crisis. Watch listening session‚û°Ô∏è‚Ä¶ https://t.co/ooF2ediqSt
343,3/29/2017 23:58:11,3/29/2017 19:58:11,.@FLOTUS Melania and I were honored to stop by the Women's Empowerment  Panel this afternoon at the @WhiteHouse.‚Ä¶ https://t.co/phLPw8lgTu
344,3/30/2017 2:12:09,3/29/2017 22:12:09,"Today we honored our true American heroes on the first-ever National Vietnam War Veterans Day.
#ThankAVeteran‚Ä¶ https://t.co/deOHapcV4J"
345,3/30/2017 13:07:42,3/30/2017 9:07:42,"The Freedom Caucus will hurt the entire Republican agenda if they don't get on the team, &amp; fast. We must fight them, &amp; Dems, in 2018!"
346,3/30/2017 14:27:14,3/30/2017 10:27:14,The failing @nytimes has disgraced the media world. Gotten me wrong for two solid years. Change libel laws? https://t.co/QIqLgvYLLi
347,3/30/2017 21:17:30,3/30/2017 17:17:30,Great op-ed from @RepKenBuck. Looks like some in the Freedom Caucus are helping me end #Obamacare. https://t.co/Y2vTnIBTBZ
348,3/30/2017 21:20:44,3/30/2017 17:20:44,"If @RepMarkMeadows, @Jim_Jordan and @Raul_Labrador would get on board we would have both great healthcare and massive tax cuts &amp; reform."
349,3/30/2017 21:21:50,3/30/2017 17:21:50,"Where are @RepMarkMeadows, @Jim_Jordan and @Raul_Labrador?
#RepealANDReplace #Obamacare"
350,3/30/2017 22:16:17,3/30/2017 18:16:17,The meeting next week with China will be a very difficult one in that we can no longer have massive trade deficits...
351,3/30/2017 22:16:50,3/30/2017 18:16:50,...and job losses. American companies must be prepared to look at other alternatives.
352,3/31/2017 1:43:35,3/30/2017 21:43:35,Only by enlisting the full potential of women in our society will we be truly able to #MakeAmericaGreatAgainüá∫üá∏‚Ä¶ https://t.co/cxhgYaxiek
353,3/31/2017 11:04:32,3/31/2017 7:04:32,"Mike Flynn should ask for immunity in that this is a witch hunt (excuse for big election loss), by media &amp; Dems, of historic proportion!"
354,3/31/2017 14:35:47,3/31/2017 10:35:47,"It was an honor to welcome the Prime Minister of Denmark, Lars L√∏kke Rasmussen {@larsloekke} to the @WhiteHouse yes‚Ä¶ https://t.co/N1g0TiVnSp"
355,3/31/2017 17:28:44,3/31/2017 13:28:44,"Great meeting with a wonderful woman today, former Secretary of State, Condoleezza Rice! #USAüá∫üá∏ https://t.co/ZuriIC3YwG"
356,3/31/2017 17:45:10,3/31/2017 13:45:10,#ConfirmGorsuch #SCOTUS https://t.co/WkqHYMcYa3
357,3/31/2017 18:30:38,3/31/2017 14:30:38,"It is an exciting time for our country!
#WeeklyAddress #ConfirmGorsuch https://t.co/tP4bkvTOBq"
358,3/31/2017 19:37:00,3/31/2017 15:37:00,Trump Celebrates American Manufacturing Survey Showing Highest Level of Optimism in 20 Years' ‚û°Ô∏è‚Ä¶ https://t.co/cVWXOa1MjY
359,3/31/2017 21:31:44,3/31/2017 17:31:44,We are going to defend our industry &amp; create a level playing field for the American worker. It is time to put‚Ä¶ https://t.co/dzPKJMghj1
360,4/1/2017 12:43:32,4/1/2017 8:43:32,When will Sleepy Eyes Chuck Todd and @NBCNews start talking about the Obama SURVEILLANCE SCANDAL and stop with the Fake Trump/Russia story?
361,4/1/2017 13:02:32,4/1/2017 9:02:32,"It is the same Fake News Media that said there is ""no path to victory for Trump"" that is now pushing the phony Russia story. A total scam!"
362,4/1/2017 15:59:36,4/1/2017 11:59:36,"The failing @nytimes finally gets it - ""In places where no insurance company offers plans, there will be no way for ObamaCare customers to.."
363,4/1/2017 16:06:14,4/1/2017 12:06:14,"...use subsidies to buy health plans."" In other words, Ocare is dead. Good things will happen, however, either with Republicans or Dems."
364,4/1/2017 16:50:36,4/1/2017 12:50:36,"Wow, @FoxNews just reporting big news. Source: ""Official behind unmasking is high up. Known Intel official is responsible. Some unmasked...."
365,4/1/2017 17:02:29,4/1/2017 13:02:29,"..not associated with Russia. Trump team spied on before he was nominated."" If this is true, does not get much bigger. Would be sad for U.S."
366,4/1/2017 22:21:02,4/1/2017 18:21:02,Thank you @JCLayfield -- will get even better as my Administration continues to put #AmericaFirstüá∫üá∏ https://t.co/AQQzmt10x7
367,4/2/2017 12:56:49,4/2/2017 8:56:49,Anybody (especially  Fake News media) who thinks that Repeal &amp; Replace of ObamaCare is dead does not know the love and strength in R Party!
368,4/2/2017 13:03:43,4/2/2017 9:03:43,"Talks on Repealing and Replacing ObamaCare are, and have been, going on, and will continue until such time as a deal is hopefully struck."
369,4/2/2017 13:34:16,4/2/2017 9:34:16,The real story turns out to be SURVEILLANCE and LEAKING! Find the leakers.
370,4/3/2017 0:58:29,4/2/2017 20:58:29,"Melania and I are honored to light up the @WhiteHouse this evening, for 
#WorldAutismAwarenessDay. Join us &amp; #LIUB.‚Ä¶ https://t.co/tR3hqqyWvv"
371,4/3/2017 10:15:17,4/3/2017 6:15:17,"Such amazing reporting on unmasking and the crooked scheme against us by @foxandfriends. ""Spied on before nomination."" The real story."
372,4/3/2017 11:16:52,4/3/2017 7:16:52,Was the brother of John Podesta paid big money to get the sanctions on Russia lifted? Did Hillary know?
373,4/3/2017 11:21:11,4/3/2017 7:21:11,Did Hillary Clinton ever apologize for receiving the answers to the debate? Just asking!
374,4/3/2017 12:51:01,4/3/2017 8:51:01,".@FoxNews from multiple sources: ""There was electronic surveillance of Trump, and people close to Trump. This is unprecedented."" @FBI"
375,4/3/2017 16:00:33,4/3/2017 12:00:33,"Getting ready to meet President al-Sisi of Egypt. On behalf of the United States, I look forward to a long and wonderful relationship."
376,4/3/2017 17:56:55,4/3/2017 13:56:55,Looking forward to hosting our heroes from the Wounded Warrior Project (@WWP) Soldier Ride to the @WhiteHouse on Th‚Ä¶ https://t.co/QLC0qFD94x
377,4/3/2017 19:39:05,4/3/2017 15:39:05,It was an honor to welcome President Al Sisi of Egypt to the @WhiteHouse as we renew the historic partnership betwe‚Ä¶ https://t.co/9mRaGvcPHz
378,4/4/2017 12:39:16,4/4/2017 8:39:16,RT @DRUDGE_REPORT: RICE ORDERED SPY DOCS ON TRUMP? https://t.co/bL2nZRFxk9
379,4/4/2017 18:38:13,4/4/2017 14:38:13,".@WhiteHouse #CEOTownHall
‚û°Ô∏èhttps://t.co/ADSKuUXf1b https://t.co/XHfQ6zmF2H"
380,4/4/2017 19:38:59,4/4/2017 15:38:59,Thank you Sean McGarvey &amp; the entire Governing Board of Presidents for honoring me w/an invite to speak. #NABTU2017‚Ä¶ https://t.co/dJlZvlq6Tj
381,4/4/2017 21:03:51,4/4/2017 17:03:51,Great to talk jobs with #NABTU2017. Tremendous spirit &amp; optimism - we will deliver! https://t.co/6lRuQZZHrc
382,4/5/2017 21:18:08,4/5/2017 17:18:08,I am deeply committed to preserving our strong relationship &amp; to strengthening America's long-standing support for‚Ä¶ https://t.co/GxrOR3ALCE
383,4/6/2017 2:12:43,4/5/2017 22:12:43,"JOBS, JOBS, JOBS!
https://t.co/XGOQPHywrt https://t.co/B5Qbn6llzE"
384,4/6/2017 18:30:49,4/6/2017 14:30:49,"It was an honor to host our American heroes from the @WWP #SoldierRideDC at the @WhiteHouse today with @FLOTUS, @VP‚Ä¶ https://t.co/u5AI1pupVV"
385,4/7/2017 23:22:53,4/7/2017 19:22:53,RT @IvankaTrump: Very proud of Arabella and Joseph for their performance in honor of President Xi Jinping and Madame Peng Liyuan's official‚Ä¶
386,4/8/2017 14:50:59,4/8/2017 10:50:59,It was a great honor to have President Xi Jinping and Madame Peng Liyuan of China as our guests in the United States. Tremendous...
387,4/8/2017 14:51:10,4/8/2017 10:51:10,"...goodwill and friendship was formed, but only time will tell on trade."
388,4/8/2017 14:54:24,4/8/2017 10:54:24,"Congratulations to our great military men and women for representing the United States, and the world, so well in the Syria attack."
389,4/8/2017 19:00:08,4/8/2017 15:00:08,The reason you don't generally hit runways is that they are easy and inexpensive to quickly fix (fill in and top)!
390,4/8/2017 19:58:32,4/8/2017 15:58:32,Judge Gorsuch will be sworn in at the Rose Garden of the White House on Monday at 11:00 A.M. He will be a great Justice. Very proud of him!
391,4/9/2017 15:20:39,4/9/2017 11:20:39,So sad to hear of the terrorist attack in Egypt. U.S. strongly condemns. I have great...
392,4/9/2017 15:21:07,4/9/2017 11:21:07,...confidence that President Al Sisi will handle situation properly.
393,4/10/2017 1:35:45,4/9/2017 21:35:45,Thank you @USNavy! #USA https://t.co/oD7L8vPgjq
394,4/10/2017 21:59:10,4/10/2017 17:59:10,Congratulations to Justice Neil Gorsuch on his elevation to the United States Supreme Court. A great day for Americ‚Ä¶ https://t.co/RM9lfTaePS
395,4/10/2017 23:56:35,4/10/2017 19:56:35,"Happy Passover to everyone celebrating in the United States of America, Israel, and around the world. #ChagSameach"
396,4/11/2017 11:48:31,4/11/2017 7:48:31,RT @foxnation: Grateful Syrians React To @realDonaldTrump Strike: 'I'll Name My Son Donald' https://t.co/7KexXsXLUx #SyrianStrikes
397,4/11/2017 11:59:04,4/11/2017 7:59:04,I explained to the President of China that a trade deal with the U.S. will be far better for them if they solve the North Korean problem!
398,4/11/2017 12:03:43,4/11/2017 8:03:43,"North Korea is looking for trouble. If China decides to help, that would be great. If not, we will solve the problem without them!  U.S.A."
399,4/11/2017 12:59:20,4/11/2017 8:59:20,"Ron Estes is running TODAY for Congress in the Great State of Kansas. A wonderful guy, I need his help on Healthcare &amp; Tax Cuts (Reform)."
400,4/11/2017 20:27:35,4/11/2017 16:27:35,Great Strategic &amp; Policy CEO Forum today with my Cabinet Secretaries and top CEO's from around the United States.‚Ä¶ https://t.co/pmGIL08OpP
401,4/12/2017 3:16:00,4/11/2017 23:16:00,I will be interviewed by @MariaBartiromo at 6:00 A.M. @FoxBusiness. Enjoy!
402,4/12/2017 12:22:22,4/12/2017 8:22:22,Had a very good call last night with the President of China concerning the menace of North Korea.
403,4/12/2017 12:37:07,4/12/2017 8:37:07,"Great win in Kansas last night for Ron Estes, easily winning the Congressional race against the Dems, who spent heavily &amp; predicted victory!"
404,4/12/2017 21:48:48,4/12/2017 17:48:48,Great meeting w/ NATO Sec. Gen. We agreed on the importance of getting countries to pay their fair share &amp; focus on‚Ä¶ https://t.co/G9TdjWezmH
405,4/12/2017 23:09:56,4/12/2017 19:09:56,Economic confidence is soaring as we unleash the power of private sector job creation and stand up for the American Workers. #AmericaFirst
406,4/12/2017 23:10:37,4/12/2017 19:10:37,"One by one we are keeping our promises - on the border, on energy, on jobs, on regulations. Big changes are happening!"
407,4/13/2017 0:32:25,4/12/2017 20:32:25,"Jobs are returning, illegal immigration is plummeting, law, order and justice are being restored. We are truly making America great again!"
408,4/13/2017 13:08:20,4/13/2017 9:08:20,"I have great confidence that China will properly deal with North Korea. If they are unable to do so, the U.S., with its allies, will! U.S.A."
409,4/13/2017 13:16:30,4/13/2017 9:16:30,Things will work out fine between the U.S.A. and Russia. At the right time everyone will come to their senses &amp; there will be lasting peace!
410,4/13/2017 19:21:07,4/13/2017 15:21:07,It was a great honor to welcome Atlanta's heroic first responders to the White House this afternoon! https://t.co/ZtC14AJ0xs
411,4/14/2017 3:18:24,4/13/2017 23:18:24,RT @DRUDGE_REPORT: GREAT AGAIN: FEDS ARREST MURDER SUSPECT IN 'FAST AND FURIOUS' SCANDAL... https://t.co/clOLxTE3D4
412,4/14/2017 20:41:25,4/14/2017 16:41:25,Weekly Address- https://t.co/tpZ7eqJLUH https://t.co/B2NQzj53ft
413,4/14/2017 21:46:20,4/14/2017 17:46:20,RT @FLOTUS: Looking forward to hosting the annual Easter Egg Roll at the @WhiteHouse on Monday! https://t.co/nz7vucugx9
414,4/16/2017 12:18:40,4/16/2017 8:18:40,Why would I call China a currency manipulator when they are working with us on the North Korean problem? We will see what happens!
415,4/16/2017 12:24:49,4/16/2017 8:24:49,Happy Easter to everyone!
416,4/16/2017 13:07:11,4/16/2017 9:07:11,I did what was an almost an impossible thing to do for a Republican-easily won the Electoral College! Now Tax Returns are brought up again?
417,4/16/2017 13:13:26,4/16/2017 9:13:26,Someone should look into who paid for the small organized rallies yesterday. The election is over!
418,4/16/2017 13:41:47,4/16/2017 9:41:47,"Our military is building and is rapidly becoming stronger than ever before. Frankly, we have no choice!"
419,4/17/2017 0:45:01,4/16/2017 20:45:01,"The recent Kansas election (Congress) was a really big media event, until the Republicans won. Now they play the same game with Georgia-BAD!"
420,4/17/2017 12:07:16,4/17/2017 8:07:16,"""The first 90 days of my presidency has exposed the total failure of the last eight years of foreign policy!"" So true. @foxandfriends"
421,4/17/2017 12:13:17,4/17/2017 8:13:17,"A great book for your reading enjoyment: ""REASONS TO VOTE FOR DEMOCRATS"" by Michael J. Knowles."
422,4/17/2017 12:17:59,4/17/2017 8:17:59,The Fake Media (not Real Media) has gotten even worse since the election. Every story is badly slanted. We have to hold them to the truth!
423,4/17/2017 13:31:03,4/17/2017 9:31:03,"The super Liberal Democrat in the Georgia Congressioal race tomorrow wants to protect criminals, allow illegal immigration and raise taxes!"
424,4/17/2017 13:35:27,4/17/2017 9:35:27,RT @DRUDGE_REPORT: TRUMP APPROVAL HITS 50% https://t.co/TruX3WzR3U
425,4/17/2017 22:38:30,4/17/2017 18:38:30,"TRUMP APPROVAL HITS 50%
https://t.co/vjZkGTyQb9"
426,4/17/2017 22:41:53,4/17/2017 18:41:53,"See you tomorrow Wisconsin!

'Trump spurs small-business optimism in Milwaukee area'
https://t.co/JUxhO3oqjO"
427,4/18/2017 2:18:38,4/17/2017 22:18:38,"With eleven Republican candidates running in Georgia (on Tuesday) for Congress, a runoff will be a win. Vote ""R"" for lower taxes &amp; safety!"
428,4/18/2017 9:39:25,4/18/2017 5:39:25,The weak illegal immigration policies of the Obama Admin. allowed bad MS 13 gangs to form in cities across U.S. We are removing them fast!
429,4/18/2017 9:48:10,4/18/2017 5:48:10,I will be interviewed on @foxandfriends by @ainsleyearhardt starting at 6:00 A.M. Enjoy!
430,4/18/2017 10:38:59,4/18/2017 6:38:59,"Democrat Jon Ossoff would be a disaster in Congress. VERY weak on crime and illegal immigration, bad for jobs and wants higher taxes. Say NO"
431,4/18/2017 10:46:19,4/18/2017 6:46:19,Republicans must get out today and VOTE in Georgia 6. Force runoff and easy win! Dem Ossoff will raise your taxes-very bad on crime &amp; 2nd A.
432,4/18/2017 20:38:25,4/18/2017 16:38:25,"Just learned that Jon @Ossoff, who is running for Congress in Georgia, doesn't even live in the district. Republicans, get out and vote!"
433,4/18/2017 20:56:16,4/18/2017 16:56:16,"#BuyAmericanHireAmericanüá∫üá∏
Watch‚û°Ô∏èhttps://t.co/AUqYcrgeyn https://t.co/rf9aivVb7g"
434,4/19/2017 4:09:17,4/19/2017 0:09:17,"Despite major outside money, FAKE media support and eleven Republican candidates, BIG ""R"" win with runoff in Georgia. Glad to be of help!"
435,4/19/2017 12:43:18,4/19/2017 8:43:18,Dems failed in Kansas and are now failing in Georgia. Great job Karen Handel! It is now Hollywood vs. Georgia on June 20th.
436,4/19/2017 17:31:28,4/19/2017 13:31:28,#BuyAmericanHireAmericanüá∫üá∏ https://t.co/JPEXQTVR1E
437,4/19/2017 20:26:45,4/19/2017 16:26:45,"Today I signed the Veterans (OUR HEROES) Choice Program Extension &amp; Improvement Act @ the @WhiteHouse. #S544 
Watch‚Ä¶ https://t.co/0sMv4sPrmf"
438,4/20/2017 1:34:10,4/19/2017 21:34:10,A great honor to host the @SuperBowl Champion New England @Patriots at the White House today. Congratulations!‚Ä¶ https://t.co/tQ5XEPaIxn
439,4/20/2017 13:48:14,4/20/2017 9:48:14,"Failing @nytimes, which has been calling me wrong for two years, just got caught in a big lie concerning New England Patriots visit to W.H."
440,4/20/2017 19:33:46,4/20/2017 15:33:46,"We're going to use American steel, we're going to use American labor, we are going to come first in all deals. ‚û°Ô∏è‚Ä¶ https://t.co/QYjWx9K4YY"
441,4/20/2017 21:35:05,4/20/2017 17:35:05,A great honor to host PM Paolo Gentiloni of Italy at the White House this afternoon! #ICYMI- Joint Press Conference‚Ä¶ https://t.co/lJAvEZJV1F
442,4/21/2017 10:11:27,4/21/2017 6:11:27,RT @foxandfriends: NYT editor apologizes for misleading tweet about New England Patriots' visit to the White House (via @FoxFriendsFirst) h‚Ä¶
443,4/21/2017 10:32:01,4/21/2017 6:32:01,Another terrorist attack in Paris. The people of France will not take much more of this. Will have a big effect on presidential election!
444,4/21/2017 10:50:33,4/21/2017 6:50:33,"No matter how much I accomplish during the ridiculous standard of the first 100 days, &amp; it has been a lot (including S.C.), media will kill!"
445,4/21/2017 13:04:19,4/21/2017 9:04:19,"China is very much the economic lifeline to North Korea so, while nothing is easy, if they want to solve the North Korean problem, they will"
446,4/21/2017 20:22:14,4/21/2017 16:22:14,"WELCOME HOME, AYA!
#GodBlessTheUSAüá∫üá∏ https://t.co/CR4I8dvunc"
447,4/22/2017 0:19:58,4/21/2017 20:19:58,"RT @Scavino45: .@POTUS @realDonaldTrump, @IvankaTrump, Jared Kushner, &amp; Dina Powell in the Oval Office today w/ Aya &amp; her brother Basel.
#W‚Ä¶"
448,4/22/2017 0:43:21,4/21/2017 20:43:21,"Presidential Executive Order on Identifying and Reducing Tax Regulatory Burdens' 
Executive Order:‚Ä¶ https://t.co/dpE6hDzlAt"
449,4/22/2017 3:38:00,4/21/2017 23:38:00,"After 5 SB victories since 2002, it was my honor to give Bob Kraft, Coach Belichick, and the players their first to‚Ä¶ https://t.co/UZPKjqoGZY"
450,4/22/2017 15:18:11,4/22/2017 11:18:11,"RT @foxandfriends: Chicago approves new plan to hide illegal immigrants from the feds, plus give them access to city services https://t.co/‚Ä¶"
451,4/22/2017 15:18:49,4/22/2017 11:18:49,RT @foxandfriends: Israeli PM Netanyahu praises U.S. policy changes during meeting with Defense. Sec Mattis https://t.co/v2C9oaq3uY
452,4/22/2017 16:05:37,4/22/2017 12:05:37,Getting ready to visit Walter Reed Medical Center with Melania. Looking forward to seeing our bravest and greatest Americans!
453,4/22/2017 16:10:26,4/22/2017 12:10:26,Next Saturday night I will be holding a BIG rally in Pennsylvania. Look forward to it!
454,4/22/2017 16:15:01,4/22/2017 12:15:01,Big TAX REFORM AND TAX REDUCTION will be announced next Wednesday.
455,4/22/2017 19:01:59,4/22/2017 15:01:59,"Today on Earth Day, we celebrate our beautiful forests, lakes and land. We stand committed to preserving the natural beauty of our nation."
456,4/22/2017 21:49:10,4/22/2017 17:49:10,I am committed to keeping our air and water clean but always remember that economic growth enhances environmental protection. Jobs matter!
457,4/23/2017 14:05:07,4/23/2017 10:05:07,Very interesting election currently taking place in France.
458,4/23/2017 14:07:52,4/23/2017 10:07:52,"Thank you Lake Worth, Florida. @foxandfriends"
459,4/23/2017 14:20:12,4/23/2017 10:20:12,ObamaCare is in serious trouble. The Dems need big money to keep it going - otherwise it dies far sooner than anyone would have thought.
460,4/23/2017 15:42:07,4/23/2017 11:42:07,The Democrats don't want money from budget going to border wall despite the fact that it will stop drugs and very bad MS 13 gang members.
461,4/23/2017 15:44:59,4/23/2017 11:44:59,"Eventually, but at a later date so we can get started early, Mexico will be paying, in some form, for the badly needed border wall."
462,4/23/2017 19:48:16,4/23/2017 15:48:16,New polls out today are very good considering that much of the media is FAKE and almost always negative. Would still beat Hillary in .....
463,4/23/2017 19:55:04,4/23/2017 15:55:04,...popular vote. ABC News/Washington Post Poll (wrong big on election) said almost all stand by their vote on me &amp; 53% said strong leader.
464,4/24/2017 12:15:45,4/24/2017 8:15:45,"The two fake news polls released yesterday, ABC &amp; NBC, while containing some very positive info, were totally wrong in General E. Watch!"
465,4/24/2017 12:28:01,4/24/2017 8:28:01,The Wall is a very important tool in stopping drugs from pouring into our country and poisoning our youth (and many others)! If
466,4/24/2017 15:31:57,4/24/2017 11:31:57,"....the wall is not built, which it will be, the drug situation will NEVER be fixed the way it should be!
#BuildTheWall"
467,4/24/2017 17:11:31,4/24/2017 13:11:31,Join me in congratulating @NASA's @AstroPeggy by using the hashtag #CongratsPeggy! Earlier today:‚Ä¶ https://t.co/AUdJgxXiT4
468,4/24/2017 17:18:32,4/24/2017 13:18:32,"If our healthcare plan is approved, you will see real healthcare and premiums will start tumbling down. ObamaCare is in a death spiral!"
469,4/24/2017 20:32:08,4/24/2017 16:32:08,"Today, I signed the Holocaust Remembrance Proclamation: https://t.co/762SqgdLMV #ICYMI- My statement last night at‚Ä¶ https://t.co/vrqqFDi8En"
470,4/25/2017 11:23:08,4/25/2017 7:23:08,Proud of @IvankaTrump for her leadership on these important issues. Looking forward to hearing her speak at the W20! https://t.co/e6Uajrm8zp
471,4/25/2017 12:30:15,4/25/2017 8:30:15,Canada has made business for our dairy farmers in Wisconsin and other border states very difficult. We will not stand for this. Watch!
472,4/25/2017 12:36:28,4/25/2017 8:36:28,"Don't let the fake media tell you that I have changed my position on the WALL. It will get built and help stop drugs, human trafficking etc."
473,4/25/2017 17:51:03,4/25/2017 13:51:03,"Remarks at the United States Holocaust Memorial Museum's National Days of Remembrance. 
Full remarks:‚Ä¶ https://t.co/BJbI6ZtGo7"
474,4/25/2017 23:32:13,4/25/2017 19:32:13,"Presidential Executive Order on Promoting Agriculture and Rural Prosperity in America'
Executive Order:‚Ä¶ https://t.co/LVMjZ9Ax0U"
475,4/26/2017 10:20:00,4/26/2017 6:20:00,First the Ninth Circuit rules against the ban &amp; now it hits again on sanctuary cities-both ridiculous rulings. See you in the Supreme Court!
476,4/26/2017 10:30:54,4/26/2017 6:30:54,"Out of our very big country, with many choices, does everyone notice that both the ""ban"" case and now the ""sanctuary"" case is brought in ..."
477,4/26/2017 10:38:51,4/26/2017 6:38:51,"...the Ninth Circuit, which has a terrible record of being overturned (close to 80%). They used to call this ""judge shopping!"" Messy system."
478,4/26/2017 10:51:06,4/26/2017 6:51:06,The U.S. recorded its slowest economic growth in five years (2016). GDP up only 1.6%. Trade deficits hurt the economy very badly.
479,4/26/2017 14:53:26,4/26/2017 10:53:26,"HAPPY BIRTHDAY to our @FLOTUS, Melania! 
https://t.co/rYYp51mxDQ https://t.co/np7KYHglSv"
480,4/26/2017 18:10:04,4/26/2017 14:10:04,"Today, I signed an Executive Order @ the U.S. Dept. of @Interior: 'Review of Designations Under the Antiquities Act‚Ä¶ https://t.co/Eq6JDzMqTY"
481,4/26/2017 20:49:16,4/26/2017 16:49:16,"Today, I signed an Executive Order on Enforcing Statutory Prohibitions on Federal Control of Education. EO:‚Ä¶ https://t.co/YYafFQncbC"
482,4/26/2017 22:27:29,4/26/2017 18:27:29,"A great great honor to welcome &amp; recognize the National Teacher of the Year, as well as the Teacher of the Year fro‚Ä¶ https://t.co/pUGl7RDoVX"
483,4/26/2017 23:06:16,4/26/2017 19:06:16,"Democrats are trying to bail out insurance companies from disastrous #ObamaCare, and Puerto Rico with your tax dollars. Sad!"
484,4/27/2017 11:12:12,4/27/2017 7:12:12,I received calls from the President of Mexico and the Prime Minister of Canada asking to renegotiate NAFTA rather than terminate. I agreed..
485,4/27/2017 11:21:20,4/27/2017 7:21:20,"...subject to the fact that if we do not reach a fair deal for all, we will then terminate NAFTA. Relationships are good-deal very possible!"
486,4/27/2017 11:30:20,4/27/2017 7:30:20,The Democrats want to shut government if we don't bail out Puerto Rico and give billions to their insurance companies for OCare failure. NO!
487,4/27/2017 14:37:09,4/27/2017 10:37:09,I want to help our miners while the Democrats are blocking their healthcare.
488,4/27/2017 14:37:30,4/27/2017 10:37:30,I promise to rebuild our military and secure our border. Democrats want to shut down the government. Politics!
489,4/27/2017 14:37:51,4/27/2017 10:37:51,What's more important? Rebuilding our military - or bailing out insurance companies? Ask the Democrats.
490,4/27/2017 14:38:14,4/27/2017 10:38:14,Democrats jeopardizing the safety of our troops to bail out their donors from insurance companies. It is time to put #AmericaFirstüá∫üá∏
491,4/27/2017 14:39:04,4/27/2017 10:39:04,Democrats used to support border security ‚Äî now they want illegals to pour through our borders.
492,4/27/2017 14:39:25,4/27/2017 10:39:25,As families prepare for summer vacations in our National Parks - Democrats threaten to close them and shut down the government. Terrible!
493,4/27/2017 18:59:31,4/27/2017 14:59:31,.@FLOTUS Melania and I were honored to welcome Argentina President @MauricioMacri and First Lady Juliana Awada to t‚Ä¶ https://t.co/gR3EPznu1H
494,4/27/2017 21:42:47,4/27/2017 17:42:47,"Presidential Memorandum for the @CommerceGov, @SecretaryRoss re: Aluminum Imports and Threats to National Security:‚Ä¶ https://t.co/GnKoVz9GTO"
495,4/27/2017 22:43:19,4/27/2017 18:43:19,"Today, I signed an Executive Order on Improving Accountability and Whistleblower Protection at the @DeptVetAffairs:‚Ä¶ https://t.co/UQ6VNCyhlj"
496,4/28/2017 12:12:15,4/28/2017 8:12:15,"RT @foxandfriends: Former President Obama's $400K Wall Street speech stuns liberal base; Sen. Warren saying she ""was troubled by that"" http‚Ä¶"
497,4/28/2017 12:15:59,4/28/2017 8:15:59,"We are making tremendous progress with the V. A. There has never been so much done so quickly, and we have just started. We love our VETS!"
498,4/28/2017 22:31:25,4/28/2017 18:31:25,I will be interviewed by @MarthaMaccallum on @FoxNews tonight at 7pm. Enjoy!
499,4/28/2017 23:26:18,4/28/2017 19:26:18,"North Korea disrespected the wishes of China &amp; its highly respected President when it launched, though unsuccessfully, a missile today. Bad!"